{"eval_exact_match": 99.04868494683828, "eval_f1": 99.52423392686403}