{"eval_exact_match": 37.691579943235574, "eval_f1": 47.23112868460124}