{"eval_exact_match": 55.1123595505618, "eval_f1": 61.33588920808728}