{"eval_exact_match": 61.44376049244544, "eval_f1": 76.01976375004656}