{"eval_exact_match": 89.32714617169374, "eval_f1": 91.67436713840425}