{"eval_exact_match": 73.09366130558183, "eval_f1": 81.11247142920818}