{"eval_exact_match": 44.85387547649301, "eval_f1": 51.19233792749912}