{"eval_exact_match": 76.71712393566698, "eval_f1": 84.46762264343255}