{"eval_exact_match": 45.61626429479034, "eval_f1": 51.50153977940035}