{"eval_exact_match": 36.915799432355726, "eval_f1": 46.61143128339409}