{"eval_exact_match": 34.67360454115421, "eval_f1": 44.43302478597543}