{"eval_exact_match": 40.37842951750237, "eval_f1": 49.458860176405764}