{"eval_exact_match": 97.64969222160045, "eval_f1": 98.4954214867971}