{"eval_exact_match": 99.35393258426966, "eval_f1": 99.64371466548434}