{"eval_exact_match": 49.419953596287705, "eval_f1": 55.20415526166751}