{"eval_exact_match": 56.707663197729424, "eval_f1": 72.97308254619671}