{"eval_exact_match": 80.25280898876404, "eval_f1": 85.83365176660193}