{"eval_exact_match": 52.43619489559165, "eval_f1": 66.12573679280811}