{"eval_exact_match": 97.42585338556239, "eval_f1": 99.20787270391698}