{"eval_exact_match": 75.3263954588458, "eval_f1": 82.88194652368621}