{"eval_exact_match": 96.60112359550561, "eval_f1": 98.54055963270292}