{"eval_exact_match": 99.609375, "eval_f1": 99.75636668019482}