{"eval_exact_match": 40.53367217280813, "eval_f1": 49.655309019687785}