{"eval_exact_match": 81.47733631785114, "eval_f1": 87.01224392061026}