{"eval_exact_match": 64.03712296983758, "eval_f1": 70.4506676386817}