{"eval_exact_match": 63.68214885282597, "eval_f1": 73.60394203863844}