{"eval_exact_match": 68.99618805590852, "eval_f1": 74.65992700311212}