{"eval_exact_match": 79.9609375, "eval_f1": 85.3320506931025}