{"eval_exact_match": 74.37086092715232, "eval_f1": 82.94686622879682}