{"eval_exact_match": 94.0279542566709, "eval_f1": 96.0952752150286}