{"eval_exact_match": 72.1759697256386, "eval_f1": 81.04188212870004}