{"eval_exact_match": 99.296875, "eval_f1": 99.55910105519482}