{"eval_exact_match": 95.1953125, "eval_f1": 96.85513369107838}