{"eval_exact_match": 78.2876064333018, "eval_f1": 86.01098826799628}