{"eval_exact_match": 90.2070509233352, "eval_f1": 93.37477327044543}