{"eval_exact_match": 62.3368022705771, "eval_f1": 77.18034196010457}