{"eval_exact_match": 57.81448538754765, "eval_f1": 72.14680602414428}