{"eval_exact_match": 64.453125, "eval_f1": 74.465073509372}