{"eval_exact_match": 72.38979118329466, "eval_f1": 77.54515327567054}