{"eval_exact_match": 33.73699148533586, "eval_f1": 44.77827185289334}