{"eval_exact_match": 65.43837357052097, "eval_f1": 75.37905578023262}