{"eval_exact_match": 67.5984752223634, "eval_f1": 72.0541281035881}