{"eval_exact_match": 99.49174078780177, "eval_f1": 99.73885707684946}