{"eval_exact_match": 98.51123595505618, "eval_f1": 99.05144280301256}