{"eval_exact_match": 97.58576874205845, "eval_f1": 99.32296042278585}