{"eval_exact_match": 85.61484918793504, "eval_f1": 88.13987971296555}