{"eval_exact_match": 57.77262180974478, "eval_f1": 70.77638502112153}