{"eval_exact_match": 82.84625158831004, "eval_f1": 85.20982115608022}