{"eval_exact_match": 52.80898876404494, "eval_f1": 68.14944794627456}