{"eval_exact_match": 82.0838627700127, "eval_f1": 86.87818217454888}