{"eval_exact_match": 60.406811731315045, "eval_f1": 75.61212664370456}