{"eval_exact_match": 31.996215704824976, "eval_f1": 42.93923365432903}