{"eval_exact_match": 43.619489559164734, "eval_f1": 53.88632452943913}