{"eval_exact_match": 56.9140625, "eval_f1": 71.13943517801792}