{"eval_exact_match": 99.11054637865311, "eval_f1": 99.440254789683}