{"eval_exact_match": 98.04141018466704, "eval_f1": 99.43891266484268}