{"eval_exact_match": 78.09839167455061, "eval_f1": 86.02758314621913}