{"eval_exact_match": 76.62251655629139, "eval_f1": 84.69154174178763}