{"eval_exact_match": 92.9494382022472, "eval_f1": 95.2760900250615}