{"eval_exact_match": 63.848314606741575, "eval_f1": 73.83076283932489}