{"eval_exact_match": 37.672658467360456, "eval_f1": 47.02713933738171}