{"eval_exact_match": 83.73570520965693, "eval_f1": 87.69626133069517}