{"eval_exact_match": 46.0546875, "eval_f1": 51.88962968102044}