{"eval_exact_match": 74.41816461684012, "eval_f1": 82.57701606092664}