{"eval_exact_match": 52.858958068614996, "eval_f1": 65.233465721551}