{"eval_exact_match": 70.89877010406812, "eval_f1": 79.4540825892889}