{"eval_exact_match": 74.75875118259225, "eval_f1": 83.00974903177526}