{"eval_exact_match": 86.5429234338747, "eval_f1": 89.86443950481073}