{"eval_exact_match": 70.2081362346263, "eval_f1": 79.14207321916574}