{"eval_exact_match": 35.118259224219486, "eval_f1": 46.060254550577355}