{"eval_exact_match": 58.98876404494382, "eval_f1": 73.36649874608358}