{"eval_exact_match": 87.67471410419314, "eval_f1": 89.94809483495295}