{"eval_exact_match": 72.39356669820246, "eval_f1": 81.02446662782786}