{"eval_exact_match": 96.328125, "eval_f1": 98.31527094658409}