{"eval_exact_match": 72.15777262180974, "eval_f1": 78.42635012720945}