{"eval_exact_match": 39.120151371807, "eval_f1": 48.70804610478725}