{"eval_exact_match": 63.905987688864016, "eval_f1": 70.53722742236498}