{"eval_exact_match": 49.187935034802784, "eval_f1": 55.40977451741893}